{"cameraMode":{"drawMode":0,"name":"Shaded","section":"Shading Mode"},"sceneLighting":true,"audioPlay":false,"sceneViewState":{"m_AlwaysRefresh":false,"showFog":true,"showSkybox":true,"showFlares":true,"showImageEffects":true,"showParticleSystems":true,"showVisualEffectGraphs":true,"m_FxEnabled":true},"in2DMode":false,"pivot":{"x":183.5399627685547,"y":-135.82583618164063,"z":53.30150604248047},"rotation":{"x":0.24687844514846803,"y":-0.5985897779464722,"z":0.20101754367351533,"w":0.7350937128067017},"size":190.37774658203126,"orthographic":false}